{
  "Column_0": 139.81422716506228,
  "Column_1": 62.4062122637406,
  "Column_2": 322.58180895168334,
  "Column_3": 0.0
}